INSERT INTO faq (question, answer) VALUES ('How long time will take delivery to my house?', '<p>LAINFINI products delivery usually take up to five days via DHL service.</p>');
INSERT INTO faq (question, answer) VALUES ('May I send the order to different address than mine?', '<p>Yes it is possible to send LAINFINI products to different address just choose Shipping Address up to your needs and certificate will be filled in accordingly.</p>');
INSERT INTO faq (question, answer) VALUES ('Can I pay cash on delivery?', '<p>No, at the moment we accept car payment only.</p>');
INSERT INTO faq (question, answer) VALUES ('Can I pay on installments?', '<p>No, at the moment we accept full payment only.</p>');
INSERT INTO faq (question, answer) VALUES ('Where are the products made?', '<p>All LAINFINI products are made in EUROPE. They are designed in Czech Republic, produced and colored in Italy, edged and crafted in Czech Republic, fulfilment and sent from Czech Republic.</p>');
INSERT INTO faq (question, answer) VALUES ('What materials are products made from?', '<p>LAINFINI scarves are made from 100% Silk - Satin or Twill. LAINFINI Shawls are made from Mix 70% Silk 30% Wool.</p>');
INSERT INTO faq (question, answer) VALUES ('What kind of printing you use?', '<p>All LAINFINI shawls and scarves are made by using digital or offset printing technology. Exact production technology is written in product description and in product certificate which you will obtain inside of your order package.</p>');
INSERT INTO faq (question, answer) VALUES ('Are the products ecological friendly/fair-trade?', '<p>All of our partners use ecological friendly technologies in fair trade environment. They are certified for Environmental Management System and Social Responsibility.</p>');
INSERT INTO faq (question, answer) VALUES ('Do any kids work in factories where products are made?', '<p>No, we do not cooperate with any factory which using childrens´ work.</p>');
INSERT INTO faq (question, answer) VALUES ('Can I choose different color for choosen design?', '<p>Our collections are carefully prepared with our designers and manufacturers 3-4 months before launching. At the moment, i is not possible to change products on demand.</p>');
INSERT INTO faq (question, answer) VALUES ('If I don´t like the product can I return it back and I´ll get my money back?', '<p>Yes, due to any reason, the buyer may return the goods within 14 days of their receipt. Should the subject-matter of the purchase consist of more types of goods or of the delivery of more parts, the 14-day time-limit begins to run upon the delivery of the last part of the goods</p>');
INSERT INTO faq (question, answer) VALUES ('How long is the guarantee of products?', '<p>If the goods are found defective within six months of the delivery, the given goods are considered as defective at the time of the delivery already. Unless otherwise agreed, the Buyer may submit warranty claim arising out of defective goods for the time-limit of 24 months since the delivery. This shall not apply to: <ol type="a"><li>Goods sold for a lower price due to a defect,</li><li>wear and tear of the goods due to common use,</li><li>defects caused due to common use or wear and tear, evident at the moment of the delivery to the Buyer</li><li>cases where it is clear from the nature of the goods.</li></ol></p>');
INSERT INTO faq (question, answer) VALUES ('If I return the order back who is paying delivery costs?', '<p>The Buyer bears costs related to the goods returning.</p>');
INSERT INTO faq (question, answer) VALUES ('Rules of which country do the shop obey?', '<p>The use of the Seller''s website and contractual relations arising out of it shall be governed by the laws of the Czech Republic. All disputes that may arise out of the contractual relations between the Buyer and the Seller, and the disputes that may arise out of the usage of the Seller''s website shall be governed by the Czech jurisdiction.</p>');
INSERT INTO faq (question, answer) VALUES ('Can I wash/iron the scarf/shelf?', '<p>All LAINFINI products has got labels with symbols instructions how to take care about the product, please follow them.</p>');
INSERT INTO faq (question, answer) VALUES ('Who are designers of Atelier LAINFINI?', '<p>LAINFINI Atelier consists of head designer Mirka Talavašková who choose always talented young designers and invite them to cooperate on a new collection so we can always have and fresh ideas ready for you.</p>');
INSERT INTO faq (question, answer) VALUES ('Do you have any real shop which I can visit and where?', '<p>No, at the moment are our sales based only on the online channel.</p>');
INSERT INTO faq (question, answer) VALUES ('Do you make other products than scarves and shawls?', '<p>Yes, we do also products on demand, for example, we dress Czech basketball representatives moderating Women European Championship in Basketball 2017.</p>');
INSERT INTO faq (question, answer) VALUES ('How can I make/cancel my account?', '<p>You can make an account by clicking a register link located below login form or next to the login button. Also, you will have to log in to complete your order. While checking out, you will be asked for logging into the store by your credentials. At this moment, you can also create new customer account.</p><p>Canceling: After logging in you can ask for closing your account via "Close my account now" button located at Customer Centre > Settings > Advanced. However we will disable your account and we will prevent you from receiving any further promos and notifications, it is not possible to fully remove your account details while we are obligated to keep your billing information according to law.</p>');
INSERT INTO faq (question, answer) VALUES ('How can I make changes on my account?', '<p>After logging on the website, you can easily change all the account information in Customer centre section.</p>');
INSERT INTO faq (question, answer) VALUES ('What should I do if I forget the password?', '<p>You can ask for password recovery via the link located below the login form. We strongly recommend to use your preferred 3rd party service for login.</p>');
INSERT INTO faq (question, answer) VALUES ('What should I do to set a warranty claim?', '<p>After logging into your customer account, you can see whole order history. You can claim warranty by clicking "Make a complaint" button at the order detail, or via Warranty -> Claims by clicking a "Claim a Warranty" button</p>');
INSERT INTO faq (question, answer) VALUES ('How often you are making new collection?', '<p>At the moment we are preparing our second collection, totally we are planning to make 4 collections per year.</p>');
INSERT INTO faq (question, answer) VALUES ('How many pieces is in a collection?', '<p>Every collection has got from 10 to 20 designs and each design is made in 8-250 pieces.</p>');
INSERT INTO faq (question, answer) VALUES ('How old is the company?', '<p>The company was founded in 2016</p>');
INSERT INTO faq (question, answer) VALUES ('Where is the company settled? Do you have a branch in USA?', '<p>LAINFINI Atelier is based in Prague, the capital of Czech Republic, in the middle of Europe.</p>');
INSERT INTO faq (question, answer) VALUES ('What are the company values?', '<p>Freedom, Uniqueness and Quality, Living in a free society gives us an option to live as we wish and to be whoever we want to be. It allows us to develop our individuality and let our creativity run wild. LAINFINI is a group of people who respect and appreciate these values. LAINFINI are designers who bring you beauty and aesthetic value in their designs from the heart of Europe, magical Prague, investing all their craft, knowledge and creativity in them. Luxury, top quality and individual approach are the attributes of each product you can find at LAINFINI. LAINFINI prepare not only their own collections, but they also respect their clients’ wishes and make unique, original pieces to their measure. Our products are always made of the best materials, using the latest technologies as well as almost forgotten crafts.</p>');
INSERT INTO faq (question, answer) VALUES ('Can your designers make something else than scarf or shelf for me or a shelf/scarf tailor made?', '<p>We have all kind of design professionals. Please contact us via email <a href="mailto:info@lainfini.com">info@lainfini.com</a> to discuss your needs.</p>');
INSERT INTO faq (question, answer) VALUES ('What LAINFINI stands for?', '<p>LAINFINI stands for Infinite possibilities for freedom, uniqueness and quality:</p>');
INSERT INTO faq (question, answer) VALUES ('Can I order different size of the product?', '<p>At the moment there is no possibility to change products on demand. Our collections are carefully prepared with our designers and manufacturers 3-4 months before launching.</p>');
INSERT INTO faq (question, answer) VALUES ('Do you have an application for the phone? Is it working on iOS/Android…?', '<p>Our website has responsive character so you can open it easily on any type of technical device.</p>');
INSERT INTO faq (question, answer) VALUES ('Is the product changing color on the sun?', '<p>As all the colours, even our ones, can be affected by intensive sun activity. Please follow all care instructions on the label of the product and use product in a manner it is meant to and you will prolong its life on untouched quality.</p>');
INSERT INTO faq (question, answer) VALUES ('Can I order more pieces to sell it through my shop?', '<p>We are sorry, but LAINFINI Atelier business is based on the uniqueness of its products. Our collections are limited and their uniqueness is certified. We never produce more pieces of the collection which is already released.</p>');
INSERT INTO faq (question, answer) VALUES ('Can I contact you as a wholesaler?', '<p> Please contact us via email address <a href="mailto:info@lainfini.com">info@lainfini.com</a></p>');

INSERT INTO technology (id, name) VALUES (1, 'Digital print');

INSERT INTO product_design (id, name) VALUES (1, 'Atelier LAINFINI');

-- INSERT INTO faq (question, answer) VALUES ('How can I comment on a BBC programme or service?', 'We appreciate ');
-- INSERT INTO faq (question, answer)VALUES ('Where can I obtain my radio or key code, or a new key for my Ford?', 'Firstly, ');

INSERT INTO complaint_reason (name) VALUES ('DEFECT');

INSERT INTO category (id, name, parent_category_id, priority) VALUES (1, 'Scarves', NULL, 1);
INSERT INTO category (id, name, parent_category_id, priority) VALUES (2, 'Shawl', 1, 1);

INSERT INTO category (id, name, parent_category_id, priority) VALUES (3,'Bestselling', NULL, 1);
INSERT INTO category (id, name, parent_category_id, priority) VALUES (4, 'Discounts', NULL, 1);

INSERT INTO currency (id, name, symbol, symbol_placement) VALUES (1, 'CZK', 'Kč', 1);
INSERT INTO currency (id, name, symbol, symbol_placement) VALUES (2, 'USD', '$', 1);
INSERT INTO currency (id, name, symbol, symbol_placement) VALUES (3, 'EUR', '€', 1);

INSERT INTO flash (message, title, type) VALUES ('This product may require professional installation', 'Professional is needed', 'WARNING');
INSERT INTO flash (message, title, type) VALUES ('Goods is used', 'Used', 'WARNING');

INSERT INTO size (id, value) VALUES (1,'35,43 x 35,43 in');
INSERT INTO size (id, value) VALUES (2,'70,87 x 27,56 in');

-- INSERT INTO unit (abbr, name) VALUES ('mm', 'milimeter');
-- INSERT INTO unit (abbr, name) VALUES ('cm', 'centimeter');
-- INSERT INTO unit (abbr, name) VALUES ('m', 'meter');
-- INSERT INTO unit (abbr, name) VALUES ('g', 'gram');
INSERT INTO unit (id, abbr, name) VALUES (1, 'pcs', 'pieces');

INSERT INTO material (id, name, composition, slug) VALUES (1,'Twill', '100% Silk', 'twill');
INSERT INTO material (id, name, composition, slug) VALUES (2, 'Satin', '100% Silk', 'satin');
INSERT INTO material (id, name, composition, slug) VALUES (3, 'Triora', '70% Silk 30% Wool', 'triora');

INSERT INTO role (id, role_name) VALUES (1, 'ROLE_ADMIN');
INSERT INTO role (id, role_name) VALUES (2, 'ROLE_CUSTOMER');

INSERT INTO customer (id, degree_after_name, degree_before_name, first_name, last_name, locale, email, password, phone_code, phone_number, sex, status, currency_id, register_status) VALUES (0x66353763616364612D303935612D3131, 'PhD', 'Ing', 'Michal', 'Novák', 'CZECH', '1','$2a$10$ClApxW.jQ.ZhtDzsNB.yeunMPnrA.QiKkjwMEsfPqU5hRtuR2HUwW', '+420','987654987', 'M', 'ACTIVE', 1, 0);
INSERT INTO customer (id, degree_after_name, degree_before_name, first_name, last_name, locale, email, password, phone_code, phone_number, sex, status, currency_id, register_status) VALUES (0x66353763616364612D303935612D3130, '', '', 'Petra', 'Andělová', 'CZECH', '2','$2a$10$ClApxW.jQ.ZhtDzsNB.yeunMPnrA.QiKkjwMEsfPqU5hRtuR2HUwW', '+420','555666888', 'F', 'ACTIVE', 1, 0);
INSERT INTO customer (id, degree_after_name, degree_before_name, first_name, last_name, locale, email, password, phone_code, phone_number, sex, status, currency_id, register_status) VALUES (0x66353763616364612D303935612D3113, '', '', 'Milan', 'Předregistrovaný', 'CZECH', '3','$2a$10$ClApxW.jQ.ZhtDzsNB.yeunMPnrA.QiKkjwMEsfPqU5hRtuR2HUwW', '+420','555666888', 'F', 'ACTIVE', 1, 1);

INSERT INTO linked_account(id, customer_id, account_party, account_status, valid_from) VALUES (1, 0x66353763616364612D303935612D3131, 'FACEBOOK', 0, '2017-03-16 11:08:01');

INSERT INTO `lainfini-server`.la_facebook (facebook_id,username,linked_account_id) VALUES ('1360833047270443','abdul.f.salami',1);
# INSERT INTO `lainfini-server`.la_facebook (facebook_id,username,linked_account_id) VALUES ('1360833047270444','abdul.f.salami',1);

INSERT INTO customer_email_verification_token (id,expiry_date,verification_token,customer_id) VALUES (1,'2020-03-03 20:20:20','1',0x66353763616364612D303935612D3113);

INSERT INTO address (city, country, house_number, postal_code, state, street, customer_id) VALUES ('Praha', 'Czechia', '987', '77984', 'Czechia', 'Polabinská', 0x66353763616364612D303935612D3131);
INSERT INTO address (city, country, house_number, postal_code, state, street, customer_id) VALUES ('Brno', 'Czechia', '451689'  , '77984', 'Czechia', 'Polabinská', 0x66353763616364612D303935612D3130);

INSERT INTO user_role (user_id, role_id) VALUES (0x66353763616364612D303935612D3131, 1);
INSERT INTO user_role (user_id, role_id) VALUES (0x66353763616364612D303935612D3130, 2);

INSERT INTO base_file (id, dtype,file_name,file_status,file_index,mime_type,valid_from)  VALUES (1,'F','1.png','UPLOADED',0xCF03CE9A7BE24201BF006B4C4CE623F5,'image/png','2017-03-16 11:08:01');
INSERT INTO base_file (id, dtype,file_name,file_status,file_index,mime_type,valid_from)  VALUES (2,'F','2.png','UPLOADED',0xCF03CE9A7BE24201BF006B4C4CE6232E,'image/png','2017-03-16 11:08:01');
INSERT INTO base_file (id, dtype,file_name,file_status,file_index,mime_type,valid_from)  VALUES (3,'F','3.png','UPLOADED',0xCF03CE9A7BE24201BF006B4C4CE62331,'image/png','2017-03-16 11:08:01');
INSERT INTO base_file (id, dtype,file_name,file_status,file_index,mime_type,valid_from)  VALUES (4,'F','4.png','UPLOADED',0xCF03CE9A7BE24201BF006B4C4CE62364,'image/png','2017-03-16 11:08:01');
INSERT INTO base_file (id, dtype,file_name,file_status,file_index,mime_type,valid_from)  VALUES (5,'F','5.png','UPLOADED',0xCF03CE9A7BE24201BF006B4C4CE62366,'image/png','2017-03-16 11:08:01');
INSERT INTO base_file (id, dtype,file_name,file_status,file_index,mime_type,valid_from)  VALUES (6,'F','6.png','UPLOADED',0xCF03CE9A7BE24201BF006B4C4CE6236E,'image/png','2017-03-16 11:08:01');
INSERT INTO base_file (id, dtype,file_name,file_status,file_index,mime_type,valid_from)  VALUES (7,'F','7.png','UPLOADED',0xCF03CE9A7BE24201BF006B4C4CE6F56E,'image/png','2017-03-16 11:08:01');
INSERT INTO base_file (id, dtype,file_name,file_status,file_index,mime_type,valid_from)  VALUES (8,'F','8.png','UPLOADED',0xCF03CE9A7BE24201BF006B4C4CE6F5F5,'image/png','2017-03-16 11:08:01');
INSERT INTO base_file (id, dtype,file_name,file_status,file_index,mime_type,valid_from)  VALUES (9,'F','9.png','UPLOADED',0xCF03CE9A7BE24201BF006B4C4CE66E6E,'image/png','2017-03-16 11:08:01');
INSERT INTO base_file (id, dtype,file_name,file_status,file_index,mime_type,valid_from)  VALUES (10,'F','10.png','UPLOADED',0xCF03CE9A7BE24201BF006B4C4CE62323,'image/png','2017-03-16 11:08:01');
INSERT INTO base_file (id, dtype,file_name,file_status,file_index,mime_type,valid_from)  VALUES (11,'F','11.png','UPLOADED',0xCF03CE9A7BE24201BF006B4C4CE60323,'image/png','2017-03-16 11:08:01');
INSERT INTO base_file (id, dtype,file_name,file_status,file_index,mime_type,valid_from)  VALUES (12,'F','12.png','UPLOADED',0xCF03CE9A7BE24201BF006B4C4CE62303,'image/png','2017-03-16 11:08:01');
INSERT INTO base_file (id, dtype,file_name,file_status,file_index,mime_type,valid_from)  VALUES (13,'F','13.png','UPLOADED',0xCF03CE9A7BE24201BF006B4C4CE62322,'image/png','2017-03-16 11:08:01');
INSERT INTO base_file (id, dtype,file_name,file_status,file_index,mime_type,valid_from)  VALUES (14,'F','14.png','UPLOADED',0xCF03CE9A7BE24201BF006B4C4CE62222,'image/png','2017-03-16 11:08:01');
INSERT INTO base_file (id, dtype,file_name,file_status,file_index,mime_type,valid_from)  VALUES (15,'F','15.png','UPLOADED',0xCF03CE9A7BE24201BF006B4C4CE63221,'image/png','2017-03-16 11:08:01');

INSERT INTO base_file (id, dtype,file_name,file_status,file_index,mime_type,valid_from)  VALUES (16,'F','16.png','UPLOADED',0xCF03CE9A7BE24201BF006B4C4CE6A1A1,'image/png','2017-03-16 11:08:01');
INSERT INTO base_file (id, dtype,file_name,file_status,file_index,mime_type,valid_from)  VALUES (17,'F','17.png','UPLOADED',0xCF03CE9A7BE24201BF006B4C4CE6A1A2,'image/png','2017-03-16 11:08:01');
INSERT INTO base_file (id, dtype,file_name,file_status,file_index,mime_type,valid_from)  VALUES (18,'F','18.png','UPLOADED',0xCF03CE9A7BE24201BF006B4C4CE6A1A3,'image/png','2017-03-16 11:08:01');

INSERT INTO base_file (id, dtype,file_name,file_status,file_index,mime_type,valid_from)  VALUES (19,'F','19.png','UPLOADED',0xCF03CE9A7BE24201BF006B4C4CE6A1A4,'image/png','2017-03-16 11:08:01');
INSERT INTO base_file (id, dtype,file_name,file_status,file_index,mime_type,valid_from)  VALUES (20,'F','20.png','UPLOADED',0xCF03CE9A7BE24201BF006B4C4CE6A1A5,'image/png','2017-03-16 11:08:01');
INSERT INTO base_file (id, dtype,file_name,file_status,file_index,mime_type,valid_from)  VALUES (21,'F','21.png','UPLOADED',0xCF03CE9A7BE24201BF006B4C4CE6B1A1,'image/png','2017-03-16 11:08:01');

INSERT INTO base_file (id, dtype,file_name,file_status,file_index,mime_type,valid_from)  VALUES (22,'F','22.png','UPLOADED',0xCF03CE9A7BE24201BF006B4C4CE6B1A2,'image/png','2017-03-16 11:08:01');
INSERT INTO base_file (id, dtype,file_name,file_status,file_index,mime_type,valid_from)  VALUES (23,'F','23.png','UPLOADED',0xCF03CE9A7BE24201BF006B4C4CE6B1A3,'image/png','2017-03-16 11:08:01');
INSERT INTO base_file (id, dtype,file_name,file_status,file_index,mime_type,valid_from)  VALUES (24,'F','24.png','UPLOADED',0xCF03CE9A7BE24201BF006B4C4CE6B1A4,'image/png','2017-03-16 11:08:01');

INSERT INTO base_file (id, dtype,file_name,file_status,file_index,mime_type,valid_from)  VALUES (25,'F','25.png','UPLOADED',0x0103CE9A7BE24201BF006B4C4CE6B1A2,'image/png','2017-03-16 11:08:01');
INSERT INTO base_file (id, dtype,file_name,file_status,file_index,mime_type,valid_from)  VALUES (26,'F','26.png','UPLOADED',0x0203CE9A7BE24201BF006B4C4CE6B1A3,'image/png','2017-03-16 11:08:01');
INSERT INTO base_file (id, dtype,file_name,file_status,file_index,mime_type,valid_from)  VALUES (27,'F','27.png','UPLOADED',0x0303CE9A7BE24201BF006B4C4CE6B1A4,'image/png','2017-03-16 11:08:01');

INSERT INTO base_file (id, dtype,file_name,file_status,file_index,mime_type,valid_from)  VALUES (28,'F','28.png','UPLOADED',0x0403CE9A7BE24201BF006B4C4CE6B1A2,'image/png','2017-03-16 11:08:01');
INSERT INTO base_file (id, dtype,file_name,file_status,file_index,mime_type,valid_from)  VALUES (29,'F','29.png','UPLOADED',0x0503CE9A7BE24201BF006B4C4CE6B1A3,'image/png','2017-03-16 11:08:01');
INSERT INTO base_file (id, dtype,file_name,file_status,file_index,mime_type,valid_from)  VALUES (30,'F','30.png','UPLOADED',0x0603CE9A7BE24201BF006B4C4CE6B1A4,'image/png','2017-03-16 11:08:01');

INSERT INTO base_file (id, dtype,file_name,file_status,file_index,mime_type,valid_from)  VALUES (31,'F','31.png','UPLOADED',0x0703CE9A7BE24201BF006B4C4CE6B1A2,'image/png','2017-03-16 11:08:01');
INSERT INTO base_file (id, dtype,file_name,file_status,file_index,mime_type,valid_from)  VALUES (32,'F','32.png','UPLOADED',0x0803CE9A7BE24201BF006B4C4CE6B1A3,'image/png','2017-03-16 11:08:01');
INSERT INTO base_file (id, dtype,file_name,file_status,file_index,mime_type,valid_from)  VALUES (33,'F','33.png','UPLOADED',0x0903CE9A7BE24201BF006B4C4CE6B1A4,'image/png','2017-03-16 11:08:01');

INSERT INTO base_file (id, dtype,file_name,file_status,file_index,mime_type,valid_from)  VALUES (34,'F','34.png','UPLOADED',0x1003CE9A7BE24201BF006B4C4CE6B1A2,'image/png','2017-03-16 11:08:01');
INSERT INTO base_file (id, dtype,file_name,file_status,file_index,mime_type,valid_from)  VALUES (35,'F','35.png','UPLOADED',0x1103CE9A7BE24201BF006B4C4CE6B1A3,'image/png','2017-03-16 11:08:01');
INSERT INTO base_file (id, dtype,file_name,file_status,file_index,mime_type,valid_from)  VALUES (36,'F','36.png','UPLOADED',0x1203CE9A7BE24201BF006B4C4CE6B1A4,'image/png','2017-03-16 11:08:01');

INSERT INTO base_file (id, dtype,file_name,file_status,file_index,mime_type,valid_from)  VALUES (37,'F','37.png','UPLOADED',0x1303CE9A7BE24201BF006B4C4CE6B1A2,'image/png','2017-03-16 11:08:01');
INSERT INTO base_file (id, dtype,file_name,file_status,file_index,mime_type,valid_from)  VALUES (38,'F','38.png','UPLOADED',0x1403CE9A7BE24201BF006B4C4CE6B1A3,'image/png','2017-03-16 11:08:01');

INSERT INTO base_file (id, dtype,file_name,file_status,file_index,mime_type,valid_from)  VALUES (39,'F','39.png','UPLOADED',0x1503CE9A7BE24201BF006B4C4CE6B1A4,'image/png','2017-03-16 11:08:01');
INSERT INTO base_file (id, dtype,file_name,file_status,file_index,mime_type,valid_from)  VALUES (40,'F','40.png','UPLOADED',0x1603CE9A7BE24201BF006B4C4CE6B1A4,'image/png','2017-03-16 11:08:01');
INSERT INTO base_file (id, dtype,file_name,file_status,file_index,mime_type,valid_from)  VALUES (41,'F','41.png','UPLOADED',0x1703CE9A7BE24201BF006B4C4CE6B1A4,'image/png','2017-03-16 11:08:01');

INSERT INTO base_file (id, dtype,file_name,file_status,file_index,mime_type,valid_from)  VALUES (42,'F','42.png','UPLOADED',0x1803CE9A7BE24201BF006B4C4CE6B1A4,'image/png','2017-03-16 11:08:01');
INSERT INTO base_file (id, dtype,file_name,file_status,file_index,mime_type,valid_from)  VALUES (43,'F','43.png','UPLOADED',0x1903CE9A7BE24201BF006B4C4CE6B1A4,'image/png','2017-03-16 11:08:01');
INSERT INTO base_file (id, dtype,file_name,file_status,file_index,mime_type,valid_from)  VALUES (44,'F','44.png','UPLOADED',0x2003CE9A7BE24201BF006B4C4CE6B1A4,'image/png','2017-03-16 11:08:01');

INSERT INTO base_file (id, dtype,file_name,file_status,file_index,mime_type,valid_from)  VALUES (45,'F','45.png','UPLOADED',0x2103CE9A7BE24201BF006B4C4CE6B1A4,'image/png','2017-03-16 11:08:01');
INSERT INTO base_file (id, dtype,file_name,file_status,file_index,mime_type,valid_from)  VALUES (46,'F','46.png','UPLOADED',0x2203CE9A7BE24201BF006B4C4CE6B1A4,'image/png','2017-03-16 11:08:01');

INSERT INTO base_file (id, dtype,file_name,file_status,file_index,mime_type,valid_from)  VALUES (47,'F','47.png','UPLOADED',0x2303CE9A7BE24201BF006B4C4CE6B1A4,'image/png','2017-03-16 11:08:01');
INSERT INTO base_file (id, dtype,file_name,file_status,file_index,mime_type,valid_from)  VALUES (48,'F','48.png','UPLOADED',0x2403CE9A7BE24201BF006B4C4CE6B1A4,'image/png','2017-03-16 11:08:01');

INSERT INTO base_file (id, dtype,file_name,file_status,file_index,mime_type,valid_from)  VALUES (49,'F','49.png','UPLOADED',0x104EDA8D0F3F4F33A5C3706C55A248C5,'image/png','2017-03-16 11:08:01');
INSERT INTO base_file (id, dtype,file_name,file_status,file_index,mime_type,valid_from)  VALUES (50,'F','50.png','UPLOADED',0x114EDA8D0F3F4F33A5C3706C55A248C5,'image/png','2017-03-16 11:08:01');
INSERT INTO base_file (id, dtype,file_name,file_status,file_index,mime_type,valid_from)  VALUES (51,'F','51.png','UPLOADED',0x124EDA8D0F3F4F33A5C3706C55A248C5,'image/png','2017-03-16 11:08:01');
INSERT INTO base_file (id, dtype,file_name,file_status,file_index,mime_type,valid_from)  VALUES (52,'F','52.png','UPLOADED',0x134EDA8D0F3F4F33A5C3706C55A248C5,'image/png','2017-03-16 11:08:01');
INSERT INTO base_file (id, dtype,file_name,file_status,file_index,mime_type,valid_from)  VALUES (53,'F','53.png','UPLOADED',0x144EDA8D0F3F4F33A5C3706C55A248C5,'image/png','2017-03-16 11:08:01');
INSERT INTO base_file (id, dtype,file_name,file_status,file_index,mime_type,valid_from)  VALUES (54,'F','54.png','UPLOADED',0x154EDA8D0F3F4F33A5C3706C55A248C5,'image/png','2017-03-16 11:08:01');

INSERT INTO base_file (id, dtype,file_name,file_status,file_index,mime_type,valid_from)  VALUES (55,'F','55.png','UPLOADED',0x115E361C9F0947CDA93AE0E34A2B23FB,'image/png','2017-03-16 11:08:01');
INSERT INTO base_file (id, dtype,file_name,file_status,file_index,mime_type,valid_from)  VALUES (56,'F','56.png','UPLOADED',0x125E361C9F0947CDA93AE0E34A2B23FB,'image/png','2017-03-16 11:08:01');
INSERT INTO base_file (id, dtype,file_name,file_status,file_index,mime_type,valid_from)  VALUES (57,'F','57.png','UPLOADED',0x135E361C9F0947CDA93AE0E34A2B23FB,'image/png','2017-03-16 11:08:01');
INSERT INTO base_file (id, dtype,file_name,file_status,file_index,mime_type,valid_from)  VALUES (58,'F','58.png','UPLOADED',0x145E361C9F0947CDA93AE0E34A2B23FB,'image/png','2017-03-16 11:08:01');
INSERT INTO base_file (id, dtype,file_name,file_status,file_index,mime_type,valid_from)  VALUES (59,'F','59.png','UPLOADED',0x155E361C9F0947CDA93AE0E34A2B23FB,'image/png','2017-03-16 11:08:01');
INSERT INTO base_file (id, dtype,file_name,file_status,file_index,mime_type,valid_from)  VALUES (60,'F','60.png','UPLOADED',0x165E361C9F0947CDA93AE0E34A2B23FB,'image/png','2017-03-16 11:08:01');
INSERT INTO base_file (id, dtype,file_name,file_status,file_index,mime_type,valid_from)  VALUES (61,'F','61.png','UPLOADED',0xA15E361C9F0947CDA93AE0E34A2B23FB,'image/png','2017-03-16 11:08:01');
INSERT INTO base_file (id, dtype,file_name,file_status,file_index,mime_type,valid_from)  VALUES (62,'F','62.png','UPLOADED',0xA25E361C9F0947CDA93AE0E34A2B23FB,'image/png','2017-03-16 11:08:01');
INSERT INTO base_file (id, dtype,file_name,file_status,file_index,mime_type,valid_from)  VALUES (63,'F','63.png','UPLOADED',0xA35E361C9F0947CDA93AE0E34A2B23FB,'image/png','2017-03-16 11:08:01');
INSERT INTO base_file (id, dtype,file_name,file_status,file_index,mime_type,valid_from)  VALUES (64,'F','64.png','UPLOADED',0xA45E361C9F0947CDA93AE0E34A2B23FB,'image/png','2017-03-16 11:08:01');
INSERT INTO base_file (id, dtype,file_name,file_status,file_index,mime_type,valid_from)  VALUES (65,'F','65.png','UPLOADED',0xA55E361C9F0947CDA93AE0E34A2B23FB,'image/png','2017-03-16 11:08:01');
INSERT INTO base_file (id, dtype,file_name,file_status,file_index,mime_type,valid_from)  VALUES (66,'F','66.png','UPLOADED',0xA65E361C9F0947CDA93AE0E34A2B23FB,'image/png','2017-03-16 11:08:01');
INSERT INTO base_file (id, dtype,file_name,file_status,file_index,mime_type,valid_from)  VALUES (67,'F','67.png','UPLOADED',0xA75E361C9F0947CDA93AE0E34A2B23FB,'image/png','2017-03-16 11:08:01');

INSERT INTO base_file (id, dtype,file_name,file_status,file_index,mime_type,valid_from)  VALUES (68,'F','68.png','UPLOADED',0xB75E361C9F0947CDA93AE0E34A2B2300,'image/png','2017-03-16 11:08:01');
INSERT INTO base_file (id, dtype,file_name,file_status,file_index,mime_type,valid_from)  VALUES (69,'F','69.png','UPLOADED',0xB75E361C9F0947CDA93AE0E34A2B2301,'image/png','2017-03-16 11:08:01');
INSERT INTO base_file (id, dtype,file_name,file_status,file_index,mime_type,valid_from)  VALUES (70,'F','70.png','UPLOADED',0xB75E361C9F0947CDA93AE0E34A2B2302,'image/png','2017-03-16 11:08:01');
INSERT INTO base_file (id, dtype,file_name,file_status,file_index,mime_type,valid_from)  VALUES (71,'F','71.png','UPLOADED',0xB75E361C9F0947CDA93AE0E34A2B2303,'image/png','2017-03-16 11:08:01');

INSERT INTO base_file (id, dtype,file_name,file_status,file_index,mime_type,valid_from)  VALUES (72,'F','72.png','UPLOADED',0xB75E361C9F0947CDA93AE0E34A2B2304,'image/png','2017-03-16 11:08:01');
INSERT INTO base_file (id, dtype,file_name,file_status,file_index,mime_type,valid_from)  VALUES (73,'F','73.png','UPLOADED',0xB75E361C9F0947CDA93AE0E34A2B2305,'image/png','2017-03-16 11:08:01');
INSERT INTO base_file (id, dtype,file_name,file_status,file_index,mime_type,valid_from)  VALUES (74,'F','74.png','UPLOADED',0xB75E361C9F0947CDA93AE0E34A2B2306,'image/png','2017-03-16 11:08:01');
INSERT INTO base_file (id, dtype,file_name,file_status,file_index,mime_type,valid_from)  VALUES (75,'F','75.png','UPLOADED',0xB75E361C9F0947CDA93AE0E34A2B2307,'image/png','2017-03-16 11:08:01');

INSERT INTO product (id, abra_link, status, code, name, price, slug, category_id, main_image_id, material_id, size_id, unit_id, product_status, technology_id, design_id, serial_number_is_required) VALUES (0x66353763616364612D303935612D3131,'1200000101', 0, 'ST012010101_17001015', 'BUTTERFLY SCARF', 795, 'butterfly-scarf', 1, 3, 1, 1, 1, 0, 1, 1, 0);
INSERT INTO product (id, abra_link, status, code, name, price, slug, category_id, main_image_id, material_id, size_id, unit_id, product_status, technology_id, design_id, serial_number_is_required) VALUES (0xCF03CE9A7BE24201BF006B4C4CE623F5,'3200000101', 0, 'ST012010103_17002015', 'PLAY OF BLUE SCARF', 795, 'play-of-blue-scarf', 1, 6, 1, 1, 1, 0, 1, 1, 0);
INSERT INTO product (id, abra_link, status, code, name, price, slug, category_id, main_image_id, material_id, size_id, unit_id, product_status, technology_id, design_id, serial_number_is_required) VALUES (0xFA800FA1F9A24BCAB53B3736B67E0C1F,'4200000101', 0, 'SS012010104_17003015', 'MOONBOW', 795, 'moonbow', 1, 1, 2, 1, 1, 0, 1, 1, 0);
INSERT INTO product (id, abra_link, status, code, name, price, slug, category_id, main_image_id, material_id, size_id, unit_id, product_status, technology_id, design_id, serial_number_is_required) VALUES (0x004EDA8D0F3F4F33A5C3706C55A248C5,'5200000101', 0, 'ST012010105_17004015', 'SHIFT ROUND', 795, 'shift-round', 1, 5, 1, 1, 1, 0, 1, 1, 0);
INSERT INTO product (id, abra_link, status, code, name, price, slug, category_id, main_image_id, material_id, size_id, unit_id, product_status, technology_id, design_id, serial_number_is_required) VALUES (0xCA0B32B2F0694B74A17E74AFAC3DCDF5,'6200000101', 0, 'ST012010105_17005015', 'SHIFT SQUARES', 795, 'shift-squares', 1, 7, 1, 1, 1, 0, 1, 1, 0);
INSERT INTO product (id, abra_link, status, code, name, price, slug, category_id, main_image_id, material_id, size_id, unit_id, product_status, technology_id, design_id, serial_number_is_required) VALUES (0xBF5E361C9F0947CDA93AE0E34A2B23FB,'7200000101', 0, 'ST012010105_17006015', 'SHIFT BORDER', 795, 'shift-border', 1, 13, 1, 1, 1, 0, 1, 1, 0);
INSERT INTO product (id, abra_link, status, code, name, price, slug, category_id, main_image_id, material_id, size_id, unit_id, product_status, technology_id, design_id, serial_number_is_required) VALUES (0xDE33C69DF2BD43BFB5E27B648C0E056B,'8200000101', 0, 'SS012010106_17007015', 'CERTAINTY RED', 795, 'certainty-red', 1, 2, 2, 1, 1, 0, 1, 1, 0);
INSERT INTO product (id, abra_link, status, code, name, price, slug, category_id, main_image_id, material_id, size_id, unit_id, product_status, technology_id, design_id, serial_number_is_required) VALUES (0x6ACf72A1D9B5462ABB90D05D6A87D61C,'9200000101', 0, 'ST012010106_17008015', 'CERTAINTY YELLOW', 795, 'certainty-yellow', 1, 4, 1, 1, 1, 0, 1, 1, 0);
INSERT INTO product (id, abra_link, status, code, name, price, slug, category_id, main_image_id, material_id, size_id, unit_id, product_status, technology_id, design_id, serial_number_is_required) VALUES (0x1D470BBF8E654CAC852B9A02E04F45FF,'A200000101', 0, 'ST012010106_17009015', 'CERTAINTY BLUE', 795, 'certainty-blue', 1, 15, 1, 1, 1, 0, 1, 1, 0);
INSERT INTO product (id, abra_link, status, code, name, price, slug, category_id, main_image_id, material_id, size_id, unit_id, product_status, technology_id, design_id, serial_number_is_required) VALUES (0x2D947E4844AD439E8C71B11A106D6B81,'B200000101', 0, 'ST012010107_17010015', 'MOVEMENT', 795, 'movement', 1, 14, 1, 1, 1, 0, 1, 1, 0);
INSERT INTO product (id, abra_link, status, code, name, price, slug, category_id, main_image_id, material_id, size_id, unit_id, product_status, technology_id, design_id, serial_number_is_required) VALUES (0x8EA1D8FD01DB4982AEEC30EBCDE88843,'1400000101', 0, 'MT012020201_17011012', 'BUTTERFLY SHAWL', 995, 'butterfly-shawl', 2, 10, 3, 2, 1, 0, 1, 1, 0);
INSERT INTO product (id, abra_link, status, code, name, price, slug, category_id, main_image_id, material_id, size_id, unit_id, product_status, technology_id, design_id, serial_number_is_required) VALUES (0x991DC5AB44744538849059A613EECC70,'2400000101', 0, 'MT012020203_17012012', 'PLAY OF BLUE SHAWL', 995, 'play-of-blue-shawl', 2, 11, 3, 2, 1, 0, 1, 1, 0);
INSERT INTO product (id, abra_link, status, code, name, price, slug, category_id, main_image_id, material_id, size_id, unit_id, product_status, technology_id, design_id, serial_number_is_required) VALUES (0x991DC5AB44744538849059A613EECC10,'001', 0, null, 'INFINI', 995, 'INFINI', 1, 68, 2, 1, 1, 0, 1, 1, 0);
INSERT INTO product (id, abra_link, status, code, name, price, slug, category_id, main_image_id, material_id, size_id, unit_id, product_status, technology_id, design_id, serial_number_is_required) VALUES (0x991DC5AB44744538849059A613EECC11,'002', 0, null, 'MYSTERY', 995, 'MYSTERY', 1, 72, 2, 1, 1, 0, 1, 1, 0);


INSERT INTO product_has_file (sequence_number,file_id,product_id) VALUES (1,16,0xBF5E361C9F0947CDA93AE0E34A2B23FB);
INSERT INTO product_has_file (sequence_number,file_id,product_id) VALUES (2,17,0xBF5E361C9F0947CDA93AE0E34A2B23FB);
INSERT INTO product_has_file (sequence_number,file_id,product_id) VALUES (3,18,0xBF5E361C9F0947CDA93AE0E34A2B23FB);

INSERT INTO product_has_file (sequence_number,file_id,product_id) VALUES (1,19,0x2D947E4844AD439E8C71B11A106D6B81);
INSERT INTO product_has_file (sequence_number,file_id,product_id) VALUES (2,20,0x2D947E4844AD439E8C71B11A106D6B81);
INSERT INTO product_has_file (sequence_number,file_id,product_id) VALUES (3,21,0x2D947E4844AD439E8C71B11A106D6B81);

INSERT INTO product_has_file (sequence_number,file_id,product_id) VALUES (1,22,0x1D470BBF8E654CAC852B9A02E04F45FF);
INSERT INTO product_has_file (sequence_number,file_id,product_id) VALUES (2,23,0x1D470BBF8E654CAC852B9A02E04F45FF);
INSERT INTO product_has_file (sequence_number,file_id,product_id) VALUES (3,24,0x1D470BBF8E654CAC852B9A02E04F45FF);

INSERT INTO product_has_file (sequence_number,file_id,product_id) VALUES (1,25,0xFA800FA1F9A24BCAB53B3736B67E0C1F);
INSERT INTO product_has_file (sequence_number,file_id,product_id) VALUES (2,26,0xFA800FA1F9A24BCAB53B3736B67E0C1F);
INSERT INTO product_has_file (sequence_number,file_id,product_id) VALUES (3,27,0xFA800FA1F9A24BCAB53B3736B67E0C1F);

INSERT INTO product_has_file (sequence_number,file_id,product_id) VALUES (1,28,0xDE33C69DF2BD43BFB5E27B648C0E056B);
INSERT INTO product_has_file (sequence_number,file_id,product_id) VALUES (2,29,0xDE33C69DF2BD43BFB5E27B648C0E056B);
INSERT INTO product_has_file (sequence_number,file_id,product_id) VALUES (3,30,0xDE33C69DF2BD43BFB5E27B648C0E056B);

INSERT INTO product_has_file (sequence_number,file_id,product_id) VALUES (1,31,0x66353763616364612D303935612D3131);
INSERT INTO product_has_file (sequence_number,file_id,product_id) VALUES (2,32,0x66353763616364612D303935612D3131);
INSERT INTO product_has_file (sequence_number,file_id,product_id) VALUES (3,33,0x66353763616364612D303935612D3131);

INSERT INTO product_has_file (sequence_number,file_id,product_id) VALUES (1,34,0x6ACf72A1D9B5462ABB90D05D6A87D61C);
INSERT INTO product_has_file (sequence_number,file_id,product_id) VALUES (2,35,0x6ACf72A1D9B5462ABB90D05D6A87D61C);
INSERT INTO product_has_file (sequence_number,file_id,product_id) VALUES (3,36,0x6ACf72A1D9B5462ABB90D05D6A87D61C);

INSERT INTO product_has_file (sequence_number,file_id,product_id) VALUES (1,37,0x004EDA8D0F3F4F33A5C3706C55A248C5);
INSERT INTO product_has_file (sequence_number,file_id,product_id) VALUES (2,38,0x004EDA8D0F3F4F33A5C3706C55A248C5);

INSERT INTO product_has_file (sequence_number,file_id,product_id) VALUES (1,39,0xCF03CE9A7BE24201BF006B4C4CE623F5);
INSERT INTO product_has_file (sequence_number,file_id,product_id) VALUES (2,40,0xCF03CE9A7BE24201BF006B4C4CE623F5);
INSERT INTO product_has_file (sequence_number,file_id,product_id) VALUES (3,41,0xCF03CE9A7BE24201BF006B4C4CE623F5);

INSERT INTO product_has_file (sequence_number,file_id,product_id) VALUES (1,42,0xCA0B32B2F0694B74A17E74AFAC3DCDF5);
INSERT INTO product_has_file (sequence_number,file_id,product_id) VALUES (2,43,0xCA0B32B2F0694B74A17E74AFAC3DCDF5);
INSERT INTO product_has_file (sequence_number,file_id,product_id) VALUES (3,44,0xCA0B32B2F0694B74A17E74AFAC3DCDF5);

INSERT INTO product_has_file (sequence_number,file_id,product_id) VALUES (1,45,0x8EA1D8FD01DB4982AEEC30EBCDE88843);
INSERT INTO product_has_file (sequence_number,file_id,product_id) VALUES (2,46,0x8EA1D8FD01DB4982AEEC30EBCDE88843);

INSERT INTO product_has_file (sequence_number,file_id,product_id) VALUES (1,47,0x991DC5AB44744538849059A613EECC70);
INSERT INTO product_has_file (sequence_number,file_id,product_id) VALUES (2,48,0x991DC5AB44744538849059A613EECC70);

INSERT INTO product_has_file (sequence_number,file_id,product_id) VALUES (1,69,0x991DC5AB44744538849059A613EECC10);
INSERT INTO product_has_file (sequence_number,file_id,product_id) VALUES (2,70,0x991DC5AB44744538849059A613EECC10);
INSERT INTO product_has_file (sequence_number,file_id,product_id) VALUES (3,71,0x991DC5AB44744538849059A613EECC10);

INSERT INTO product_has_file (sequence_number,file_id,product_id) VALUES (1,73,0x991DC5AB44744538849059A613EECC11);
INSERT INTO product_has_file (sequence_number,file_id,product_id) VALUES (2,74,0x991DC5AB44744538849059A613EECC11);
INSERT INTO product_has_file (sequence_number,file_id,product_id) VALUES (3,75,0x991DC5AB44744538849059A613EECC11);


INSERT INTO file_collection (id,description,title,url_slug, valid_from) VALUES (1,'New collection for year 2017','Collection 2017','collection-2017','2017-01-01');
INSERT INTO file_collection (id,description,title,url_slug, valid_from, valid_to) VALUES (2,'Sales description','Sales 2017','sales-2017', '2017-01-01', '2018-01-01');
INSERT INTO file_collection (id,description,title,url_slug, valid_from) VALUES (3,'Carousel 2017','Carousel 2017','carousel-2017', '2017-01-01');
INSERT INTO file_collection (id,description,title,url_slug, valid_from) VALUES (4,'Mirka works','Mirka works','mirka-works', '2017-01-01');
INSERT INTO file_collection (id,description,title,url_slug, valid_from) VALUES (5,'Mirka carousel','Mirka carousel','mirka-carousel', '2017-01-01');

INSERT INTO file_collection_has_file (sequence_number,file_id,collection_id) VALUES (5,1,1);
INSERT INTO file_collection_has_file (sequence_number,file_id,collection_id) VALUES (2,2,1);
INSERT INTO file_collection_has_file (sequence_number,file_id,collection_id) VALUES (1,3,1);
INSERT INTO file_collection_has_file (sequence_number,file_id,collection_id) VALUES (3,4,1);
INSERT INTO file_collection_has_file (sequence_number,file_id,collection_id) VALUES (4,5,1);
INSERT INTO file_collection_has_file (sequence_number,file_id,collection_id) VALUES (1,1,2);
INSERT INTO file_collection_has_file (sequence_number,file_id,collection_id) VALUES (2,6,2);

INSERT INTO file_collection_has_file (sequence_number,file_id,collection_id) VALUES (1,49,3);
INSERT INTO file_collection_has_file (sequence_number,file_id,collection_id) VALUES (2,50,3);
INSERT INTO file_collection_has_file (sequence_number,file_id,collection_id) VALUES (3,51,3);
INSERT INTO file_collection_has_file (sequence_number,file_id,collection_id) VALUES (4,52,3);
INSERT INTO file_collection_has_file (sequence_number,file_id,collection_id) VALUES (5,53,3);
INSERT INTO file_collection_has_file (sequence_number,file_id,collection_id) VALUES (6,54,3);

INSERT INTO file_collection_has_file (sequence_number,file_id,collection_id) VALUES (1,56,4);
INSERT INTO file_collection_has_file (sequence_number,file_id,collection_id) VALUES (1,57,4);
INSERT INTO file_collection_has_file (sequence_number,file_id,collection_id) VALUES (1,58,4);
INSERT INTO file_collection_has_file (sequence_number,file_id,collection_id) VALUES (1,59,4);
INSERT INTO file_collection_has_file (sequence_number,file_id,collection_id) VALUES (1,60,4);
INSERT INTO file_collection_has_file (sequence_number,file_id,collection_id) VALUES (1,61,4);

INSERT INTO file_collection_has_file (sequence_number,file_id,collection_id) VALUES (1,62,5);
INSERT INTO file_collection_has_file (sequence_number,file_id,collection_id) VALUES (1,63,5);
INSERT INTO file_collection_has_file (sequence_number,file_id,collection_id) VALUES (1,64,5);
INSERT INTO file_collection_has_file (sequence_number,file_id,collection_id) VALUES (1,65,5);
INSERT INTO file_collection_has_file (sequence_number,file_id,collection_id) VALUES (1,66,5);
INSERT INTO file_collection_has_file (sequence_number,file_id,collection_id) VALUES (1,67,5);



INSERT INTO product_collection (id, name, slug) VALUES (1,'New Arrivals','new-arrivals');
-- INSERT INTO product_collection (id, name,slug) VALUES (2,'best toys ever','best_toys_ever');
-- INSERT INTO product_collection (id, name,slug) VALUES (3,'hallowen wishes','hallowen_wishes');

INSERT INTO product_collection_item (position, product_id, product_collection_id) VALUES (1, 0x66353763616364612D303935612D3131,1);
INSERT INTO product_collection_item (position, product_id,product_collection_id) VALUES (2, 0x004EDA8D0F3F4F33A5C3706C55A248C5,1);
INSERT INTO product_collection_item (position, product_id,product_collection_id) VALUES (3, 0x6ACf72A1D9B5462ABB90D05D6A87D61C,1);
INSERT INTO product_collection_item (position, product_id,product_collection_id) VALUES (4, 0x991DC5AB44744538849059A613EECC70,1);
INSERT INTO product_collection_item (position, product_id,product_collection_id) VALUES (5, 0x1D470BBF8E654CAC852B9A02E04F45FF,1);
-- INSERT INTO product_collection_item (position, product_id,product_collection_id) VALUES (2, 0xCF03CE9A7BE24201BF006B4C4CE6232E,1);
-- INSERT INTO product_collection_item (position, product_id,product_collection_id) VALUES (1, 0x66353763616364612D303935612D3131,2);
-- INSERT INTO product_collection_item (position, product_id,product_collection_id) VALUES (2, 0xCF03CE9A7BE24201BF006B4C4CE6232E,2);
-- INSERT INTO product_collection_item (position, product_id,product_collection_id) VALUES (3, 0xCF03CE9A7BE24201BF006B4C4CE623F5,2);
-- INSERT INTO product_collection_item (position, product_id,product_collection_id) VALUES (2, 0x66353763616364612D303935612D3131,3);
-- INSERT INTO product_collection_item (position, product_id,product_collection_id) VALUES (3, 0xCF03CE9A7BE24201BF006B4C4CE6232E,3);
-- INSERT INTO product_collection_item (position, product_id,product_collection_id) VALUES (1, 0xCF03CE9A7BE24201BF006B4C4CE623F5,3);

INSERT INTO cart (id, created_at, created_from, status, customer_id) VALUES (0xF888EE4007D94A08B6D3A3F7F2F1CC6D, '2017-03-21 13:14:52', NULL, 1, 0x66353763616364612D303935612D3130);

INSERT INTO cart_item (added_at, quantity, cart_id, product_id) VALUES ('2017-03-21 13:15:45', 1, 0xF888EE4007D94A08B6D3A3F7F2F1CC6D, 0x004EDA8D0F3F4F33A5C3706C55A248C5);
INSERT INTO cart_item (added_at, quantity, cart_id, product_id) VALUES ('2017-03-21 13:16:24', 2, 0xF888EE4007D94A08B6D3A3F7F2F1CC6D, 0x991DC5AB44744538849059A613EECC70);

INSERT INTO shipping_region (id, code, name) VALUES (1, 'NA', 'North America');
INSERT INTO shipping_region (id, code, name) VALUES (2, 'EU', 'Europe');
INSERT INTO shipping_region (id, code, name) VALUES (3, 'REST', 'Rest of the world');

INSERT INTO carrier (id, name, slug, tracking_endpoint, logo_image_id) VALUES (1, 'DHL', 'dhl', 'www.track-it.com/dhl', NULL);

INSERT INTO shipping_tariff (id, name, slug, carrier_id, price, currency_id, icon_image_id, delivery_time) VALUES (1, 'DHL EXPRESS WORLDWIDE', 'dhl-express', 1, 45, 2, NULL, '3-5 Days');
INSERT INTO shipping_tariff (id, name, slug, carrier_id, price, currency_id, icon_image_id, delivery_time) VALUES (2, 'DHL EXPRESS WORLDWIDE', 'dhl-express', 1, 35, 2, NULL, '3-5 Days');
INSERT INTO shipping_tariff (id, name, slug, carrier_id, price, currency_id, icon_image_id, delivery_time) VALUES (3, 'DHL EXPRESS WORLDWIDE', 'dhl-express', 1, 75, 2, NULL, '3-5 Days');

INSERT INTO country (id, code, name) VALUES (1, 'AD', 'Andorra');
INSERT INTO country (id, code, name) VALUES (2, 'AE', 'United Arab Emirates');
INSERT INTO country (id, code, name) VALUES (3, 'AF', 'Afghanistan');
INSERT INTO country (id, code, name) VALUES (4, 'AG', 'Antigua and Barbuda');
INSERT INTO country (id, code, name) VALUES (5, 'AI', 'Anguilla');
INSERT INTO country (id, code, name) VALUES (6, 'AL', 'Albania');
INSERT INTO country (id, code, name) VALUES (7, 'AM', 'Armenia');
INSERT INTO country (id, code, name) VALUES (8, 'AO', 'Angola');
INSERT INTO country (id, code, name) VALUES (9, 'AQ', 'Antarctica');
INSERT INTO country (id, code, name) VALUES (10, 'AR', 'Argentina');
INSERT INTO country (id, code, name) VALUES (11, 'AS', 'American Samoa');
INSERT INTO country (id, code, name) VALUES (12, 'AT', 'Austria');
INSERT INTO country (id, code, name) VALUES (13, 'AU', 'Australia');
INSERT INTO country (id, code, name) VALUES (14, 'AW', 'Aruba');
INSERT INTO country (id, code, name) VALUES (15, 'AX', 'Åland Islands');
INSERT INTO country (id, code, name) VALUES (16, 'AZ', 'Azerbaijan');
INSERT INTO country (id, code, name) VALUES (17, 'BA', 'Bosnia and Herzegovina');
INSERT INTO country (id, code, name) VALUES (18, 'BB', 'Barbados');
INSERT INTO country (id, code, name) VALUES (19, 'BD', 'Bangladesh');
INSERT INTO country (id, code, name) VALUES (20, 'BE', 'Belgium');
INSERT INTO country (id, code, name) VALUES (21, 'BF', 'Burkina Faso');
INSERT INTO country (id, code, name) VALUES (22, 'BG', 'Bulgaria');
INSERT INTO country (id, code, name) VALUES (23, 'BH', 'Bahrain');
INSERT INTO country (id, code, name) VALUES (24, 'BI', 'Burundi');
INSERT INTO country (id, code, name) VALUES (25, 'BJ', 'Benin');
INSERT INTO country (id, code, name) VALUES (26, 'BL', 'Saint Barthélemy');
INSERT INTO country (id, code, name) VALUES (27, 'BM', 'Bermuda');
INSERT INTO country (id, code, name) VALUES (28, 'BN', 'Brunei Darussalam');
INSERT INTO country (id, code, name) VALUES (29, 'BO', 'Bolivia');
INSERT INTO country (id, code, name) VALUES (30, 'BQ', 'Caribbean Netherlands ');
INSERT INTO country (id, code, name) VALUES (31, 'BR', 'Brazil');
INSERT INTO country (id, code, name) VALUES (32, 'BS', 'Bahamas');
INSERT INTO country (id, code, name) VALUES (33, 'BT', 'Bhutan');
INSERT INTO country (id, code, name) VALUES (34, 'BV', 'Bouvet Island');
INSERT INTO country (id, code, name) VALUES (35, 'BW', 'Botswana');
INSERT INTO country (id, code, name) VALUES (36, 'BY', 'Belarus');
INSERT INTO country (id, code, name) VALUES (37, 'BZ', 'Belize');
INSERT INTO country (id, code, name) VALUES (38, 'CA', 'Canada');
INSERT INTO country (id, code, name) VALUES (39, 'CC', 'Cocos (Keeling) Islands');
INSERT INTO country (id, code, name) VALUES (40, 'CD', 'Congo, Democratic Republic of');
INSERT INTO country (id, code, name) VALUES (41, 'CF', 'Central African Republic');
INSERT INTO country (id, code, name) VALUES (42, 'CG', 'Congo');
INSERT INTO country (id, code, name) VALUES (43, 'CH', 'Switzerland');
INSERT INTO country (id, code, name) VALUES (44, 'CI', 'Côte d''Ivoire');
INSERT INTO country (id, code, name) VALUES (45, 'CK', 'Cook Islands');
INSERT INTO country (id, code, name) VALUES (46, 'CL', 'Chile');
INSERT INTO country (id, code, name) VALUES (47, 'CM', 'Cameroon');
INSERT INTO country (id, code, name) VALUES (48, 'CN', 'China');
INSERT INTO country (id, code, name) VALUES (49, 'CO', 'Colombia');
INSERT INTO country (id, code, name) VALUES (50, 'CR', 'Costa Rica');
INSERT INTO country (id, code, name) VALUES (51, 'CU', 'Cuba');
INSERT INTO country (id, code, name) VALUES (52, 'CV', 'Cape Verde');
INSERT INTO country (id, code, name) VALUES (53, 'CW', 'Curaçao');
INSERT INTO country (id, code, name) VALUES (54, 'CX', 'Christmas Island');
INSERT INTO country (id, code, name) VALUES (55, 'CY', 'Cyprus');
INSERT INTO country (id, code, name) VALUES (56, 'CZ', 'Czech Republic');
INSERT INTO country (id, code, name) VALUES (57, 'DE', 'Germany');
INSERT INTO country (id, code, name) VALUES (58, 'DJ', 'Djibouti');
INSERT INTO country (id, code, name) VALUES (59, 'DK', 'Denmark');
INSERT INTO country (id, code, name) VALUES (60, 'DM', 'Dominica');
INSERT INTO country (id, code, name) VALUES (61, 'DO', 'Dominican Republic');
INSERT INTO country (id, code, name) VALUES (62, 'DZ', 'Algeria');
INSERT INTO country (id, code, name) VALUES (63, 'EC', 'Ecuador');
INSERT INTO country (id, code, name) VALUES (64, 'EE', 'Estonia');
INSERT INTO country (id, code, name) VALUES (65, 'EG', 'Egypt');
INSERT INTO country (id, code, name) VALUES (66, 'EH', 'Western Sahara');
INSERT INTO country (id, code, name) VALUES (67, 'ER', 'Eritrea');
INSERT INTO country (id, code, name) VALUES (68, 'ES', 'Spain');
INSERT INTO country (id, code, name) VALUES (69, 'ET', 'Ethiopia');
INSERT INTO country (id, code, name) VALUES (70, 'FI', 'Finland');
INSERT INTO country (id, code, name) VALUES (71, 'FJ', 'Fiji');
INSERT INTO country (id, code, name) VALUES (72, 'FK', 'Falkland Islands');
INSERT INTO country (id, code, name) VALUES (73, 'FM', 'Micronesia, Federated States of');
INSERT INTO country (id, code, name) VALUES (74, 'FO', 'Faroe Islands');
INSERT INTO country (id, code, name) VALUES (75, 'FR', 'France');
INSERT INTO country (id, code, name) VALUES (76, 'GA', 'Gabon');
INSERT INTO country (id, code, name) VALUES (77, 'GB', 'United Kingdom');
INSERT INTO country (id, code, name) VALUES (78, 'GD', 'Grenada');
INSERT INTO country (id, code, name) VALUES (79, 'GE', 'Georgia');
INSERT INTO country (id, code, name) VALUES (80, 'GF', 'French Guiana');
INSERT INTO country (id, code, name) VALUES (81, 'GG', 'Guernsey');
INSERT INTO country (id, code, name) VALUES (82, 'GH', 'Ghana');
INSERT INTO country (id, code, name) VALUES (83, 'GI', 'Gibraltar');
INSERT INTO country (id, code, name) VALUES (84, 'GL', 'Greenland');
INSERT INTO country (id, code, name) VALUES (85, 'GM', 'Gambia');
INSERT INTO country (id, code, name) VALUES (86, 'GN', 'Guinea');
INSERT INTO country (id, code, name) VALUES (87, 'GP', 'Guadeloupe');
INSERT INTO country (id, code, name) VALUES (88, 'GQ', 'Equatorial Guinea');
INSERT INTO country (id, code, name) VALUES (89, 'GR', 'Greece');
INSERT INTO country (id, code, name) VALUES (90, 'GS', 'South Georgia and the South Sandwich Islands');
INSERT INTO country (id, code, name) VALUES (91, 'GT', 'Guatemala');
INSERT INTO country (id, code, name) VALUES (92, 'GU', 'Guam');
INSERT INTO country (id, code, name) VALUES (93, 'GW', 'Guinea-Bissau');
INSERT INTO country (id, code, name) VALUES (94, 'GY', 'Guyana');
INSERT INTO country (id, code, name) VALUES (95, 'HK', 'Hong Kong');
INSERT INTO country (id, code, name) VALUES (96, 'HM', 'Heard and McDonald Islands');
INSERT INTO country (id, code, name) VALUES (97, 'HN', 'Honduras');
INSERT INTO country (id, code, name) VALUES (98, 'HR', 'Croatia');
INSERT INTO country (id, code, name) VALUES (99, 'HT', 'Haiti');
INSERT INTO country (id, code, name) VALUES (100, 'HU', 'Hungary');
INSERT INTO country (id, code, name) VALUES (101, 'ID', 'Indonesia');
INSERT INTO country (id, code, name) VALUES (102, 'IE', 'Ireland');
INSERT INTO country (id, code, name) VALUES (103, 'IL', 'Israel');
INSERT INTO country (id, code, name) VALUES (104, 'IM', 'Isle of Man');
INSERT INTO country (id, code, name) VALUES (105, 'IN', 'India');
INSERT INTO country (id, code, name) VALUES (106, 'IO', 'British Indian Ocean Territory');
INSERT INTO country (id, code, name) VALUES (107, 'IQ', 'Iraq');
INSERT INTO country (id, code, name) VALUES (108, 'IR', 'Iran');
INSERT INTO country (id, code, name) VALUES (109, 'IS', 'Iceland');
INSERT INTO country (id, code, name) VALUES (110, 'IT', 'Italy');
INSERT INTO country (id, code, name) VALUES (111, 'JE', 'Jersey');
INSERT INTO country (id, code, name) VALUES (112, 'JM', 'Jamaica');
INSERT INTO country (id, code, name) VALUES (113, 'JO', 'Jordan');
INSERT INTO country (id, code, name) VALUES (114, 'JP', 'Japan');
INSERT INTO country (id, code, name) VALUES (115, 'KE', 'Kenya');
INSERT INTO country (id, code, name) VALUES (116, 'KG', 'Kyrgyzstan');
INSERT INTO country (id, code, name) VALUES (117, 'KH', 'Cambodia');
INSERT INTO country (id, code, name) VALUES (118, 'KI', 'Kiribati');
INSERT INTO country (id, code, name) VALUES (119, 'KM', 'Comoros');
INSERT INTO country (id, code, name) VALUES (120, 'KN', 'Saint Kitts and Nevis');
INSERT INTO country (id, code, name) VALUES (121, 'KP', 'North Korea');
INSERT INTO country (id, code, name) VALUES (122, 'KR', 'South Korea');
INSERT INTO country (id, code, name) VALUES (123, 'KW', 'Kuwait');
INSERT INTO country (id, code, name) VALUES (124, 'KY', 'Cayman Islands');
INSERT INTO country (id, code, name) VALUES (125, 'KZ', 'Kazakhstan');
INSERT INTO country (id, code, name) VALUES (126, 'LA', 'Lao People''s Democratic Republic');
INSERT INTO country (id, code, name) VALUES (127, 'LB', 'Lebanon');
INSERT INTO country (id, code, name) VALUES (128, 'LC', 'Saint Lucia');
INSERT INTO country (id, code, name) VALUES (129, 'LI', 'Liechtenstein');
INSERT INTO country (id, code, name) VALUES (130, 'LK', 'Sri Lanka');
INSERT INTO country (id, code, name) VALUES (131, 'LR', 'Liberia');
INSERT INTO country (id, code, name) VALUES (132, 'LS', 'Lesotho');
INSERT INTO country (id, code, name) VALUES (133, 'LT', 'Lithuania');
INSERT INTO country (id, code, name) VALUES (134, 'LU', 'Luxembourg');
INSERT INTO country (id, code, name) VALUES (135, 'LV', 'Latvia');
INSERT INTO country (id, code, name) VALUES (136, 'LY', 'Libya');
INSERT INTO country (id, code, name) VALUES (137, 'MA', 'Morocco');
INSERT INTO country (id, code, name) VALUES (138, 'MC', 'Monaco');
INSERT INTO country (id, code, name) VALUES (139, 'MD', 'Moldova');
INSERT INTO country (id, code, name) VALUES (140, 'ME', 'Montenegro');
INSERT INTO country (id, code, name) VALUES (141, 'MF', 'Saint-Martin (France)');
INSERT INTO country (id, code, name) VALUES (142, 'MG', 'Madagascar');
INSERT INTO country (id, code, name) VALUES (143, 'MH', 'Marshall Islands');
INSERT INTO country (id, code, name) VALUES (144, 'MK', 'Macedonia');
INSERT INTO country (id, code, name) VALUES (145, 'ML', 'Mali');
INSERT INTO country (id, code, name) VALUES (146, 'MM', 'Myanmar');
INSERT INTO country (id, code, name) VALUES (147, 'MN', 'Mongolia');
INSERT INTO country (id, code, name) VALUES (148, 'MO', 'Macau');
INSERT INTO country (id, code, name) VALUES (149, 'MP', 'Northern Mariana Islands');
INSERT INTO country (id, code, name) VALUES (150, 'MQ', 'Martinique');
INSERT INTO country (id, code, name) VALUES (151, 'MR', 'Mauritania');
INSERT INTO country (id, code, name) VALUES (152, 'MS', 'Montserrat');
INSERT INTO country (id, code, name) VALUES (153, 'MT', 'Malta');
INSERT INTO country (id, code, name) VALUES (154, 'MU', 'Mauritius');
INSERT INTO country (id, code, name) VALUES (155, 'MV', 'Maldives');
INSERT INTO country (id, code, name) VALUES (156, 'MW', 'Malawi');
INSERT INTO country (id, code, name) VALUES (157, 'MX', 'Mexico');
INSERT INTO country (id, code, name) VALUES (158, 'MY', 'Malaysia');
INSERT INTO country (id, code, name) VALUES (159, 'MZ', 'Mozambique');
INSERT INTO country (id, code, name) VALUES (160, 'NA', 'Namibia');
INSERT INTO country (id, code, name) VALUES (161, 'NC', 'New Caledonia');
INSERT INTO country (id, code, name) VALUES (162, 'NE', 'Niger');
INSERT INTO country (id, code, name) VALUES (163, 'NF', 'Norfolk Island');
INSERT INTO country (id, code, name) VALUES (164, 'NG', 'Nigeria');
INSERT INTO country (id, code, name) VALUES (165, 'NI', 'Nicaragua');
INSERT INTO country (id, code, name) VALUES (166, 'NL', 'The Netherlands');
INSERT INTO country (id, code, name) VALUES (167, 'NO', 'Norway');
INSERT INTO country (id, code, name) VALUES (168, 'NP', 'Nepal');
INSERT INTO country (id, code, name) VALUES (169, 'NR', 'Nauru');
INSERT INTO country (id, code, name) VALUES (170, 'NU', 'Niue');
INSERT INTO country (id, code, name) VALUES (171, 'NZ', 'New Zealand');
INSERT INTO country (id, code, name) VALUES (172, 'OM', 'Oman');
INSERT INTO country (id, code, name) VALUES (173, 'PA', 'Panama');
INSERT INTO country (id, code, name) VALUES (174, 'PE', 'Peru');
INSERT INTO country (id, code, name) VALUES (175, 'PF', 'French Polynesia');
INSERT INTO country (id, code, name) VALUES (176, 'PG', 'Papua New Guinea');
INSERT INTO country (id, code, name) VALUES (177, 'PH', 'Philippines');
INSERT INTO country (id, code, name) VALUES (178, 'PK', 'Pakistan');
INSERT INTO country (id, code, name) VALUES (179, 'PL', 'Poland');
INSERT INTO country (id, code, name) VALUES (180, 'PM', 'St. Pierre and Miquelon');
INSERT INTO country (id, code, name) VALUES (181, 'PN', 'Pitcairn');
INSERT INTO country (id, code, name) VALUES (182, 'PR', 'Puerto Rico');
INSERT INTO country (id, code, name) VALUES (183, 'PS', 'Palestine, State of');
INSERT INTO country (id, code, name) VALUES (184, 'PT', 'Portugal');
INSERT INTO country (id, code, name) VALUES (185, 'PW', 'Palau');
INSERT INTO country (id, code, name) VALUES (186, 'PY', 'Paraguay');
INSERT INTO country (id, code, name) VALUES (187, 'QA', 'Qatar');
INSERT INTO country (id, code, name) VALUES (188, 'RE', 'Réunion');
INSERT INTO country (id, code, name) VALUES (189, 'RO', 'Romania');
INSERT INTO country (id, code, name) VALUES (190, 'RS', 'Serbia');
INSERT INTO country (id, code, name) VALUES (191, 'RU', 'Russian Federation');
INSERT INTO country (id, code, name) VALUES (192, 'RW', 'Rwanda');
INSERT INTO country (id, code, name) VALUES (193, 'SA', 'Saudi Arabia');
INSERT INTO country (id, code, name) VALUES (194, 'SB', 'Solomon Islands');
INSERT INTO country (id, code, name) VALUES (195, 'SC', 'Seychelles');
INSERT INTO country (id, code, name) VALUES (196, 'SD', 'Sudan');
INSERT INTO country (id, code, name) VALUES (197, 'SE', 'Sweden');
INSERT INTO country (id, code, name) VALUES (198, 'SG', 'Singapore');
INSERT INTO country (id, code, name) VALUES (199, 'SH', 'Saint Helena');
INSERT INTO country (id, code, name) VALUES (200, 'SI', 'Slovenia');
INSERT INTO country (id, code, name) VALUES (201, 'SJ', 'Svalbard and Jan Mayen Islands');
INSERT INTO country (id, code, name) VALUES (202, 'SK', 'Slovakia');
INSERT INTO country (id, code, name) VALUES (203, 'SL', 'Sierra Leone');
INSERT INTO country (id, code, name) VALUES (204, 'SM', 'San Marino');
INSERT INTO country (id, code, name) VALUES (205, 'SN', 'Senegal');
INSERT INTO country (id, code, name) VALUES (206, 'SO', 'Somalia');
INSERT INTO country (id, code, name) VALUES (207, 'SR', 'Suriname');
INSERT INTO country (id, code, name) VALUES (208, 'SS', 'South Sudan');
INSERT INTO country (id, code, name) VALUES (209, 'ST', 'Sao Tome and Principe');
INSERT INTO country (id, code, name) VALUES (210, 'SV', 'El Salvador');
INSERT INTO country (id, code, name) VALUES (211, 'SX', 'Sint Maarten (Dutch part)');
INSERT INTO country (id, code, name) VALUES (212, 'SY', 'Syria');
INSERT INTO country (id, code, name) VALUES (213, 'SZ', 'Swaziland');
INSERT INTO country (id, code, name) VALUES (214, 'TC', 'Turks and Caicos Islands');
INSERT INTO country (id, code, name) VALUES (215, 'TD', 'Chad');
INSERT INTO country (id, code, name) VALUES (216, 'TF', 'French Southern Territories');
INSERT INTO country (id, code, name) VALUES (217, 'TG', 'Togo');
INSERT INTO country (id, code, name) VALUES (218, 'TH', 'Thailand');
INSERT INTO country (id, code, name) VALUES (219, 'TJ', 'Tajikistan');
INSERT INTO country (id, code, name) VALUES (220, 'TK', 'Tokelau');
INSERT INTO country (id, code, name) VALUES (221, 'TL', 'Timor-Leste');
INSERT INTO country (id, code, name) VALUES (222, 'TM', 'Turkmenistan');
INSERT INTO country (id, code, name) VALUES (223, 'TN', 'Tunisia');
INSERT INTO country (id, code, name) VALUES (224, 'TO', 'Tonga');
INSERT INTO country (id, code, name) VALUES (225, 'TR', 'Turkey');
INSERT INTO country (id, code, name) VALUES (226, 'TT', 'Trinidad and Tobago');
INSERT INTO country (id, code, name) VALUES (227, 'TV', 'Tuvalu');
INSERT INTO country (id, code, name) VALUES (228, 'TW', 'Taiwan');
INSERT INTO country (id, code, name) VALUES (229, 'TZ', 'Tanzania');
INSERT INTO country (id, code, name) VALUES (230, 'UA', 'Ukraine');
INSERT INTO country (id, code, name) VALUES (231, 'UG', 'Uganda');
INSERT INTO country (id, code, name) VALUES (232, 'UM', 'United States Minor Outlying Islands');
INSERT INTO country (id, code, name) VALUES (233, 'US', 'United States');
INSERT INTO country (id, code, name) VALUES (234, 'UY', 'Uruguay');
INSERT INTO country (id, code, name) VALUES (235, 'UZ', 'Uzbekistan');
INSERT INTO country (id, code, name) VALUES (236, 'VA', 'Vatican');
INSERT INTO country (id, code, name) VALUES (237, 'VC', 'Saint Vincent and the Grenadines');
INSERT INTO country (id, code, name) VALUES (238, 'VE', 'Venezuela');
INSERT INTO country (id, code, name) VALUES (239, 'VG', 'Virgin Islands (British)');
INSERT INTO country (id, code, name) VALUES (240, 'VI', 'Virgin Islands (U.S.)');
INSERT INTO country (id, code, name) VALUES (241, 'VN', 'Vietnam');
INSERT INTO country (id, code, name) VALUES (242, 'VU', 'Vanuatu');
INSERT INTO country (id, code, name) VALUES (243, 'WF', 'Wallis and Futuna Islands');
INSERT INTO country (id, code, name) VALUES (244, 'WS', 'Samoa');
INSERT INTO country (id, code, name) VALUES (245, 'YE', 'Yemen');
INSERT INTO country (id, code, name) VALUES (246, 'YT', 'Mayotte');
INSERT INTO country (id, code, name) VALUES (247, 'ZA', 'South Africa');
INSERT INTO country (id, code, name) VALUES (248, 'ZM', 'Zambia');
INSERT INTO country (id, code, name) VALUES (249, 'ZW', 'Zimbabwe');

INSERT  INTO region_country (region_id, country_id) VALUES (2,  1);
INSERT  INTO region_country (region_id, country_id) VALUES (3,  2);
INSERT  INTO region_country (region_id, country_id) VALUES (3,  3);
INSERT  INTO region_country (region_id, country_id) VALUES (3,  4);
INSERT  INTO region_country (region_id, country_id) VALUES (3,  5);
INSERT  INTO region_country (region_id, country_id) VALUES (2,  6);
INSERT  INTO region_country (region_id, country_id) VALUES (3,  7);
INSERT  INTO region_country (region_id, country_id) VALUES (3,  8);
INSERT  INTO region_country (region_id, country_id) VALUES (3,  9);
INSERT  INTO region_country (region_id, country_id) VALUES (3,  10);
INSERT  INTO region_country (region_id, country_id) VALUES (3,  11);
INSERT  INTO region_country (region_id, country_id) VALUES (2,  12);
INSERT  INTO region_country (region_id, country_id) VALUES (3,  13);
INSERT  INTO region_country (region_id, country_id) VALUES (3,  14);
INSERT  INTO region_country (region_id, country_id) VALUES (2,  15);
INSERT  INTO region_country (region_id, country_id) VALUES (3,  16);
INSERT  INTO region_country (region_id, country_id) VALUES (2,  17);
INSERT  INTO region_country (region_id, country_id) VALUES (3,  18);
INSERT  INTO region_country (region_id, country_id) VALUES (3,  19);
INSERT  INTO region_country (region_id, country_id) VALUES (2,  20);
INSERT  INTO region_country (region_id, country_id) VALUES (3,  21);
INSERT  INTO region_country (region_id, country_id) VALUES (2,  22);
INSERT  INTO region_country (region_id, country_id) VALUES (3,  23);
INSERT  INTO region_country (region_id, country_id) VALUES (3,  24);
INSERT  INTO region_country (region_id, country_id) VALUES (3,  25);
INSERT  INTO region_country (region_id, country_id) VALUES (3,  26);
INSERT  INTO region_country (region_id, country_id) VALUES (3,  27);
INSERT  INTO region_country (region_id, country_id) VALUES (3,  28);
INSERT  INTO region_country (region_id, country_id) VALUES (3,  29);
INSERT  INTO region_country (region_id, country_id) VALUES (3,  30);
INSERT  INTO region_country (region_id, country_id) VALUES (3,  31);
INSERT  INTO region_country (region_id, country_id) VALUES (3,  32);
INSERT  INTO region_country (region_id, country_id) VALUES (3,  33);
INSERT  INTO region_country (region_id, country_id) VALUES (3,  34);
INSERT  INTO region_country (region_id, country_id) VALUES (3,  35);
INSERT  INTO region_country (region_id, country_id) VALUES (2,  36);
INSERT  INTO region_country (region_id, country_id) VALUES (3,  37);
INSERT  INTO region_country (region_id, country_id) VALUES (1,  38);
INSERT  INTO region_country (region_id, country_id) VALUES (3,  39);
INSERT  INTO region_country (region_id, country_id) VALUES (3,  40);
INSERT  INTO region_country (region_id, country_id) VALUES (3,  41);
INSERT  INTO region_country (region_id, country_id) VALUES (3,  42);
INSERT  INTO region_country (region_id, country_id) VALUES (2,  43);
INSERT  INTO region_country (region_id, country_id) VALUES (3,  44);
INSERT  INTO region_country (region_id, country_id) VALUES (3,  45);
INSERT  INTO region_country (region_id, country_id) VALUES (3,  46);
INSERT  INTO region_country (region_id, country_id) VALUES (3,  47);
INSERT  INTO region_country (region_id, country_id) VALUES (3,  48);
INSERT  INTO region_country (region_id, country_id) VALUES (3,  49);
INSERT  INTO region_country (region_id, country_id) VALUES (3,  50);
INSERT  INTO region_country (region_id, country_id) VALUES (3,  51);
INSERT  INTO region_country (region_id, country_id) VALUES (3,  52);
INSERT  INTO region_country (region_id, country_id) VALUES (3,  53);
INSERT  INTO region_country (region_id, country_id) VALUES (3,  54);
INSERT  INTO region_country (region_id, country_id) VALUES (2,  55);
INSERT  INTO region_country (region_id, country_id) VALUES (2,  56);
INSERT  INTO region_country (region_id, country_id) VALUES (2,  57);
INSERT  INTO region_country (region_id, country_id) VALUES (3,  58);
INSERT  INTO region_country (region_id, country_id) VALUES (2,  59);
INSERT  INTO region_country (region_id, country_id) VALUES (3,  60);
INSERT  INTO region_country (region_id, country_id) VALUES (3,  61);
INSERT  INTO region_country (region_id, country_id) VALUES (3,  62);
INSERT  INTO region_country (region_id, country_id) VALUES (3,  63);
INSERT  INTO region_country (region_id, country_id) VALUES (2,  64);
INSERT  INTO region_country (region_id, country_id) VALUES (3,  65);
INSERT  INTO region_country (region_id, country_id) VALUES (3,  66);
INSERT  INTO region_country (region_id, country_id) VALUES (3,  67);
INSERT  INTO region_country (region_id, country_id) VALUES (2,  68);
INSERT  INTO region_country (region_id, country_id) VALUES (3,  69);
INSERT  INTO region_country (region_id, country_id) VALUES (2,  70);
INSERT  INTO region_country (region_id, country_id) VALUES (3,  71);
INSERT  INTO region_country (region_id, country_id) VALUES (3,  72);
INSERT  INTO region_country (region_id, country_id) VALUES (3,  73);
INSERT  INTO region_country (region_id, country_id) VALUES (2,  74);
INSERT  INTO region_country (region_id, country_id) VALUES (2,  75);
INSERT  INTO region_country (region_id, country_id) VALUES (3,  76);
INSERT  INTO region_country (region_id, country_id) VALUES (2,  77);
INSERT  INTO region_country (region_id, country_id) VALUES (3,  78);
INSERT  INTO region_country (region_id, country_id) VALUES (2,  79);
INSERT  INTO region_country (region_id, country_id) VALUES (3,  80);
INSERT  INTO region_country (region_id, country_id) VALUES (3,  81);
INSERT  INTO region_country (region_id, country_id) VALUES (3,  82);
INSERT  INTO region_country (region_id, country_id) VALUES (3,  83);
INSERT  INTO region_country (region_id, country_id) VALUES (3,  84);
INSERT  INTO region_country (region_id, country_id) VALUES (3,  85);
INSERT  INTO region_country (region_id, country_id) VALUES (3,  86);
INSERT  INTO region_country (region_id, country_id) VALUES (3,  87);
INSERT  INTO region_country (region_id, country_id) VALUES (3,  88);
INSERT  INTO region_country (region_id, country_id) VALUES (2,  89);
INSERT  INTO region_country (region_id, country_id) VALUES (3,  90);
INSERT  INTO region_country (region_id, country_id) VALUES (3,  91);
INSERT  INTO region_country (region_id, country_id) VALUES (3,  92);
INSERT  INTO region_country (region_id, country_id) VALUES (3,  93);
INSERT  INTO region_country (region_id, country_id) VALUES (3,  94);
INSERT  INTO region_country (region_id, country_id) VALUES (3,  95);
INSERT  INTO region_country (region_id, country_id) VALUES (3,  96);
INSERT  INTO region_country (region_id, country_id) VALUES (3,  97);
INSERT  INTO region_country (region_id, country_id) VALUES (2,  98);
INSERT  INTO region_country (region_id, country_id) VALUES (3,  99);
INSERT  INTO region_country (region_id, country_id) VALUES (2,  100);
INSERT  INTO region_country (region_id, country_id) VALUES (3,  101);
INSERT  INTO region_country (region_id, country_id) VALUES (2,  102);
INSERT  INTO region_country (region_id, country_id) VALUES (3,  103);
INSERT  INTO region_country (region_id, country_id) VALUES (2,  104);
INSERT  INTO region_country (region_id, country_id) VALUES (3,  105);
INSERT  INTO region_country (region_id, country_id) VALUES (3,  106);
INSERT  INTO region_country (region_id, country_id) VALUES (3,  107);
INSERT  INTO region_country (region_id, country_id) VALUES (3,  108);
INSERT  INTO region_country (region_id, country_id) VALUES (2,  109);
INSERT  INTO region_country (region_id, country_id) VALUES (2,  110);
INSERT  INTO region_country (region_id, country_id) VALUES (2,  111);
INSERT  INTO region_country (region_id, country_id) VALUES (3,  112);
INSERT  INTO region_country (region_id, country_id) VALUES (3,  113);
INSERT  INTO region_country (region_id, country_id) VALUES (3,  114);
INSERT  INTO region_country (region_id, country_id) VALUES (3,  115);
INSERT  INTO region_country (region_id, country_id) VALUES (3,  116);
INSERT  INTO region_country (region_id, country_id) VALUES (3,  117);
INSERT  INTO region_country (region_id, country_id) VALUES (3,  118);
INSERT  INTO region_country (region_id, country_id) VALUES (3,  119);
INSERT  INTO region_country (region_id, country_id) VALUES (3,  120);
INSERT  INTO region_country (region_id, country_id) VALUES (3,  121);
INSERT  INTO region_country (region_id, country_id) VALUES (3,  122);
INSERT  INTO region_country (region_id, country_id) VALUES (3,  123);
INSERT  INTO region_country (region_id, country_id) VALUES (3,  124);
INSERT  INTO region_country (region_id, country_id) VALUES (3,  125);
INSERT  INTO region_country (region_id, country_id) VALUES (3,  126);
INSERT  INTO region_country (region_id, country_id) VALUES (3,  127);
INSERT  INTO region_country (region_id, country_id) VALUES (3,  128);
INSERT  INTO region_country (region_id, country_id) VALUES (2,  129);
INSERT  INTO region_country (region_id, country_id) VALUES (3,  130);
INSERT  INTO region_country (region_id, country_id) VALUES (3,  131);
INSERT  INTO region_country (region_id, country_id) VALUES (3,  132);
INSERT  INTO region_country (region_id, country_id) VALUES (2,  133);
INSERT  INTO region_country (region_id, country_id) VALUES (2,  134);
INSERT  INTO region_country (region_id, country_id) VALUES (2,  135);
INSERT  INTO region_country (region_id, country_id) VALUES (3,  136);
INSERT  INTO region_country (region_id, country_id) VALUES (3,  137);
INSERT  INTO region_country (region_id, country_id) VALUES (2,  138);
INSERT  INTO region_country (region_id, country_id) VALUES (2,  139);
INSERT  INTO region_country (region_id, country_id) VALUES (3,  140);
INSERT  INTO region_country (region_id, country_id) VALUES (2,  141);
INSERT  INTO region_country (region_id, country_id) VALUES (3,  142);
INSERT  INTO region_country (region_id, country_id) VALUES (3,  143);
INSERT  INTO region_country (region_id, country_id) VALUES (2,  144);
INSERT  INTO region_country (region_id, country_id) VALUES (3,  145);
INSERT  INTO region_country (region_id, country_id) VALUES (3,  146);
INSERT  INTO region_country (region_id, country_id) VALUES (3,  147);
INSERT  INTO region_country (region_id, country_id) VALUES (3,  148);
INSERT  INTO region_country (region_id, country_id) VALUES (3,  149);
INSERT  INTO region_country (region_id, country_id) VALUES (3,  150);
INSERT  INTO region_country (region_id, country_id) VALUES (3,  151);
INSERT  INTO region_country (region_id, country_id) VALUES (3,  152);
INSERT  INTO region_country (region_id, country_id) VALUES (2,  153);
INSERT  INTO region_country (region_id, country_id) VALUES (3,  154);
INSERT  INTO region_country (region_id, country_id) VALUES (3,  155);
INSERT  INTO region_country (region_id, country_id) VALUES (3,  156);
INSERT  INTO region_country (region_id, country_id) VALUES (3,  157);
INSERT  INTO region_country (region_id, country_id) VALUES (3,  158);
INSERT  INTO region_country (region_id, country_id) VALUES (3,  159);
INSERT  INTO region_country (region_id, country_id) VALUES (3,  160);
INSERT  INTO region_country (region_id, country_id) VALUES (3,  161);
INSERT  INTO region_country (region_id, country_id) VALUES (3,  162);
INSERT  INTO region_country (region_id, country_id) VALUES (3,  163);
INSERT  INTO region_country (region_id, country_id) VALUES (3,  164);
INSERT  INTO region_country (region_id, country_id) VALUES (3,  165);
INSERT  INTO region_country (region_id, country_id) VALUES (2,  166);
INSERT  INTO region_country (region_id, country_id) VALUES (2,  167);
INSERT  INTO region_country (region_id, country_id) VALUES (3,  168);
INSERT  INTO region_country (region_id, country_id) VALUES (3,  169);
INSERT  INTO region_country (region_id, country_id) VALUES (3,  170);
INSERT  INTO region_country (region_id, country_id) VALUES (3,  171);
INSERT  INTO region_country (region_id, country_id) VALUES (3,  172);
INSERT  INTO region_country (region_id, country_id) VALUES (3,  173);
INSERT  INTO region_country (region_id, country_id) VALUES (3,  174);
INSERT  INTO region_country (region_id, country_id) VALUES (3,  175);
INSERT  INTO region_country (region_id, country_id) VALUES (3,  176);
INSERT  INTO region_country (region_id, country_id) VALUES (3,  177);
INSERT  INTO region_country (region_id, country_id) VALUES (3,  178);
INSERT  INTO region_country (region_id, country_id) VALUES (2,  179);
INSERT  INTO region_country (region_id, country_id) VALUES (3,  180);
INSERT  INTO region_country (region_id, country_id) VALUES (3,  181);
INSERT  INTO region_country (region_id, country_id) VALUES (3,  182);
INSERT  INTO region_country (region_id, country_id) VALUES (3,  183);
INSERT  INTO region_country (region_id, country_id) VALUES (2,  184);
INSERT  INTO region_country (region_id, country_id) VALUES (3,  185);
INSERT  INTO region_country (region_id, country_id) VALUES (3,  186);
INSERT  INTO region_country (region_id, country_id) VALUES (3,  187);
INSERT  INTO region_country (region_id, country_id) VALUES (3,  188);
INSERT  INTO region_country (region_id, country_id) VALUES (2,  189);
INSERT  INTO region_country (region_id, country_id) VALUES (2,  190);
INSERT  INTO region_country (region_id, country_id) VALUES (2,  191);
INSERT  INTO region_country (region_id, country_id) VALUES (3,  192);
INSERT  INTO region_country (region_id, country_id) VALUES (3,  193);
INSERT  INTO region_country (region_id, country_id) VALUES (3,  194);
INSERT  INTO region_country (region_id, country_id) VALUES (3,  195);
INSERT  INTO region_country (region_id, country_id) VALUES (3,  196);
INSERT  INTO region_country (region_id, country_id) VALUES (2,  197);
INSERT  INTO region_country (region_id, country_id) VALUES (3,  198);
INSERT  INTO region_country (region_id, country_id) VALUES (3,  199);
INSERT  INTO region_country (region_id, country_id) VALUES (2,  200);
INSERT  INTO region_country (region_id, country_id) VALUES (3,  201);
INSERT  INTO region_country (region_id, country_id) VALUES (2,  202);
INSERT  INTO region_country (region_id, country_id) VALUES (3,  203);
INSERT  INTO region_country (region_id, country_id) VALUES (2,  204);
INSERT  INTO region_country (region_id, country_id) VALUES (3,  205);
INSERT  INTO region_country (region_id, country_id) VALUES (3,  206);
INSERT  INTO region_country (region_id, country_id) VALUES (3,  207);
INSERT  INTO region_country (region_id, country_id) VALUES (3,  208);
INSERT  INTO region_country (region_id, country_id) VALUES (3,  209);
INSERT  INTO region_country (region_id, country_id) VALUES (3,  210);
INSERT  INTO region_country (region_id, country_id) VALUES (3,  211);
INSERT  INTO region_country (region_id, country_id) VALUES (3,  212);
INSERT  INTO region_country (region_id, country_id) VALUES (3,  213);
INSERT  INTO region_country (region_id, country_id) VALUES (3,  214);
INSERT  INTO region_country (region_id, country_id) VALUES (3,  215);
INSERT  INTO region_country (region_id, country_id) VALUES (3,  216);
INSERT  INTO region_country (region_id, country_id) VALUES (3,  217);
INSERT  INTO region_country (region_id, country_id) VALUES (3,  218);
INSERT  INTO region_country (region_id, country_id) VALUES (3,  219);
INSERT  INTO region_country (region_id, country_id) VALUES (3,  220);
INSERT  INTO region_country (region_id, country_id) VALUES (3,  221);
INSERT  INTO region_country (region_id, country_id) VALUES (3,  222);
INSERT  INTO region_country (region_id, country_id) VALUES (3,  223);
INSERT  INTO region_country (region_id, country_id) VALUES (3,  224);
INSERT  INTO region_country (region_id, country_id) VALUES (3,  225);
INSERT  INTO region_country (region_id, country_id) VALUES (3,  226);
INSERT  INTO region_country (region_id, country_id) VALUES (3,  227);
INSERT  INTO region_country (region_id, country_id) VALUES (3,  228);
INSERT  INTO region_country (region_id, country_id) VALUES (3,  229);
INSERT  INTO region_country (region_id, country_id) VALUES (2,  230);
INSERT  INTO region_country (region_id, country_id) VALUES (3,  231);
INSERT  INTO region_country (region_id, country_id) VALUES (3,  232);
INSERT  INTO region_country (region_id, country_id) VALUES (1,  233);
INSERT  INTO region_country (region_id, country_id) VALUES (3,  234);
INSERT  INTO region_country (region_id, country_id) VALUES (3,  235);
INSERT  INTO region_country (region_id, country_id) VALUES (2,  236);
INSERT  INTO region_country (region_id, country_id) VALUES (3,  237);
INSERT  INTO region_country (region_id, country_id) VALUES (3,  238);
INSERT  INTO region_country (region_id, country_id) VALUES (3,  239);
INSERT  INTO region_country (region_id, country_id) VALUES (3,  240);
INSERT  INTO region_country (region_id, country_id) VALUES (3,  241);
INSERT  INTO region_country (region_id, country_id) VALUES (3,  242);
INSERT  INTO region_country (region_id, country_id) VALUES (3,  243);
INSERT  INTO region_country (region_id, country_id) VALUES (3,  244);
INSERT  INTO region_country (region_id, country_id) VALUES (3,  245);
INSERT  INTO region_country (region_id, country_id) VALUES (3,  246);
INSERT  INTO region_country (region_id, country_id) VALUES (3,  247);
INSERT  INTO region_country (region_id, country_id) VALUES (3,  248);
INSERT  INTO region_country (region_id, country_id) VALUES (3,  249);

-- INSERT INTO region_country (region_id, country_id) VALUES (1, 1);
-- INSERT INTO region_country (region_id, country_id) VALUES (1, 2);
-- INSERT INTO region_country (region_id, country_id) VALUES (2, 3);
-- INSERT INTO region_country (region_id, country_id) VALUES (2, 4);
-- INSERT INTO region_country (region_id, country_id) VALUES (3, 5);

INSERT INTO shipping_availability (shipping_region_id, shipping_tariff_id) VALUES (1, 1);
INSERT INTO shipping_availability (shipping_region_id, shipping_tariff_id) VALUES (2, 2);
INSERT INTO shipping_availability (shipping_region_id, shipping_tariff_id) VALUES (3, 3);

-- INSERT INTO delivery (id, name) VALUES (1, 'DHL');
-- INSERT INTO payment_method (id, name) VALUES (1, 'CARD');

INSERT INTO delivery (id, tracking_number, shipping_tariff_id, price) VALUES (1, 'AES_34', 1, 130);

INSERT INTO customer_order (id, created_at, status, billing_address_id, cart_id, customer_id, delivery_address_id, delivery_id, shipping_region_id, payment_method) VALUES (0x3C1DCA6C1B9A48BAAD1AC7231B4607EE, '2017-03-21 13:20:29', 1, NULL, 0xF888EE4007D94A08B6D3A3F7F2F1CC6D, 0x66353763616364612D303935612D3130, 2, 1, 1, 1);
--
INSERT INTO order_item (added_at, price, quantity, order_id, product_id) VALUES ('2017-03-21 13:16:24', 995, 2, 0x3C1DCA6C1B9A48BAAD1AC7231B4607EE, 0x991DC5AB44744538849059A613EECC70);
INSERT INTO order_item (added_at, price, quantity, order_id, product_id) VALUES ('2017-03-21 13:15:45', 795, 1, 0x3C1DCA6C1B9A48BAAD1AC7231B4607EE, 0x004EDA8D0F3F4F33A5C3706C55A248C5);

INSERT INTO complaint (id, created_at, message, type, customer_id, order_id, product_id, reason_id) VALUES (0x86573AC0E3164E4F9143D5FD6DD7E891, '2017-03-21 13:08:16', 'It is not i wanted.', 1, 0x66353763616364612D303935612D3130, 0x3C1DCA6C1B9A48BAAD1AC7231B4607EE, 0x991DC5AB44744538849059A613EECC70, 1);

INSERT INTO call_to_action (id, type) VALUES (1, 'GOOD_TASTE');
INSERT INTO sold_items_call (id) VALUES(1);
INSERT INTO product_has_call_to_action (id, call_to_action_id, product_id) VALUES (1, 1, 0x1d470bbf8e654cac852b9a02e04f45ff);

INSERT INTO stock_item (id, added_at, serial_number, state, customer_order_id, product_id, user_id) VALUES (6, '2017-04-23 13:11:31', NULL, 0, NULL, 0x1d470bbf8e654cac852b9a02e04f45ff, 0x66353763616364612d303935612d3131);
INSERT INTO stock_item (id, added_at, serial_number, state, customer_order_id, product_id, user_id) VALUES (7, '2017-04-23 13:11:32', NULL, 0, NULL, 0x1d470bbf8e654cac852b9a02e04f45ff, 0x66353763616364612d303935612d3131);